model,loc_count,loc_mean,loc_median,token_count_count,token_count_mean,token_count_median,ast_node_count_count,ast_node_count_mean,ast_node_count_median,ast_max_depth_count,ast_max_depth_mean,ast_max_depth_median,cyclomatic_complexity_count,cyclomatic_complexity_mean,cyclomatic_complexity_median
human,88828,52.1932949070113,21.0,88828,284.1779281307696,143.0,88828,235.3271716125546,119.0,88828,9.147566082766696,9.0,88828,7.332383932994101,4.0
codellama,22152,9.968716143011918,7.0,22152,74.23401950162514,53.0,22152,60.035572408811845,41.0,22152,6.910843264716505,7.0,22152,2.701561935716865,2.0
llama3.1,20516,11.369467732501462,9.0,20516,86.71724507701306,70.0,20516,74.13433417820238,57.0,20516,7.448430493273543,8.0,20516,2.6800058490933907,2.0
qwen1.5,19910,11.889653440482169,10.0,19910,86.36228026117529,66.0,19910,66.74505273731793,49.0,19910,6.46639879457559,7.0,19910,2.650728277247614,2.0
nxcode,18394,12.539741219963032,10.0,18394,85.95232140915516,66.0,18394,62.83608785473524,46.0,18394,6.0533326084592805,7.0,18394,2.415352832445363,2.0
gpt,7479,20.631501537638723,16.0,7479,140.6272228907608,105.0,7479,123.93221018852788,83.0,7479,8.467843294558095,9.0,7479,4.341756919374248,3.0
