metric,value
accuracy,0.6030534351145038
f1_score,0.5450954320648236
auc,0.8222392568547342
